{"x":-30.459999084472658,"y":-17.225000381469728}