{"MusicVolume":0.49780943989753725,"SoundsVolume":0.44036704301834109}