{"MusicVolume":0.4790697395801544,"SoundsVolume":0.3625957667827606}