{"MusicVolume":0.5790663361549377,"SoundsVolume":0.6540414690971375}