{"x":-66.29499816894531,"y":7.315000057220459}