{"MusicVolume":0.6070646643638611,"SoundsVolume":0.3215588331222534}