{"MusicVolume":0.5746750235557556,"SoundsVolume":0.3716854453086853}